journal_boot,date,kernel,warp_cycles,firmware_s,tscsync,tsc_kept,offline_update
-79,2026-08-28,,,6.857,,0,0
-78,2026-08-28,7.1.9-200,5166325631,,,0,202
-77,2026-08-28,7.1.10-200,5164482587,6.199,,0,0
-76,2026-08-29,7.1.10-200,5705687218,6.848,,0,0
-75,2026-08-29,7.1.10-200,5180217250,6.218,,0,0
-74,2026-08-30,7.1.10-200,5715797231,6.860,,0,0
-73,2026-09-01,7.1.10-200,5718385943,6.863,,0,0
-72,2026-09-02,7.1.10-200,5714713137,6.859,,0,0
-71,2026-09-03,7.1.10-200,5698823981,6.840,,0,0
-70,2026-09-03,7.1.10-200,5138137075,,,0,437
-69,2026-09-03,7.1.12-200,5218690443,6.264,,0,0
-68,2026-09-03,7.1.12-200,5183359625,6.221,,0,0
-67,2026-09-03,7.1.12-200,5182667187,6.221,,0,0
-66,2026-09-03,7.1.12-200,5237197768,6.286,,0,0
-65,2026-09-03,7.1.12-200,5172441375,6.208,,0,0
-64,2026-09-05,7.1.12-200,5597410168,6.718,,0,0
-63,2026-09-06,7.1.12-200,5862858593,7.037,,0,0
-62,2026-09-06,7.1.12-200,5156957350,6.190,,0,0
-61,2026-09-06,7.1.12-200,5151415225,6.183,,0,0
-60,2026-09-06,7.1.12-200,5164548743,6.199,,0,0
-59,2026-09-06,7.1.12-200,5154081637,,,0,120
-58,2026-09-06,7.1.13-200,5160906868,6.195,,0,0
-57,2026-09-07,7.1.13-200,5688102243,6.827,,0,0
-56,2026-09-08,7.1.13-200,5734055925,6.882,,0,0
-55,2026-09-08,7.1.12-200,5145767637,6.176,,0,0
-54,2026-09-08,7.1.12-200,5159943843,,,0,26
-53,2026-09-08,7.1.12-200,5158886793,6.192,,0,0
-52,2026-09-08,7.1.13-200,5166541268,6.201,,0,0
-51,2026-09-08,7.1.13-200,5220647193,6.266,,0,0
-50,2026-09-08,7.1.13-200,5168055175,6.203,,0,0
-49,2026-09-09,7.1.13-200,5697156993,6.838,,0,0
-48,2026-09-09,7.1.13-200,5166565000,6.201,,0,0
-47,2026-09-09,7.1.13-200,5151773931,6.184,,0,0
-46,2026-09-11,7.1.13-200,5685317018,6.824,,0,0
-45,2026-09-11,7.1.13-200,5166201262,6.201,,0,0
-44,2026-09-11,7.1.12-200,5164767843,6.199,,0,0
-43,2026-09-11,7.1.12-200,5171834743,6.208,,0,0
-42,2026-09-12,7.1.13-200,5709177675,6.852,,0,0
-41,2026-09-13,7.1.13-200,5722042293,6.868,,0,0
-40,2026-09-14,7.1.13-200,6100249806,7.322,,0,0
-39,2026-09-14,7.1.12-200,5506294393,6.609,,0,0
-38,2026-09-14,7.1.13-200,5058688625,6.072,,0,0
-37,2026-09-15,7.1.13-200,5703687893,6.846,,0,0
-36,2026-09-15,7.1.13-200,5187352118,6.226,,0,0
-35,2026-09-15,7.1.13-200,5169096993,6.204,,0,0
-34,2026-09-15,7.1.13-200,5188058318,6.227,,0,0
-33,2026-09-16,7.1.12-200,5690858731,6.830,,0,0
-32,2026-09-18,7.1.13-200,6503422043,7.806,,0,0
-31,2026-09-18,7.1.13-200,5057786437,6.071,,0,0
-30,2026-09-18,7.1.13-200,5061185893,6.075,,0,0
-29,2026-09-18,7.1.12-200,5064987712,6.079,,0,0
-28,2026-09-20,7.1.13-200,5580464268,6.698,,0,0
-27,2026-09-20,7.1.13-200,5089618643,,,0,1229
-26,2026-09-20,7.2.5-200,5116919331,6.142,,0,0
-25,2026-09-20,7.2.5-200,5050182631,6.062,,0,0
-24,2026-09-21,7.2.5-200,5639918287,6.769,,0,0
-23,2026-09-21,7.2.5-200,5042832218,6.053,,0,0
-22,2026-09-21,7.2.5-200,5058354481,,,0,39
-21,2026-09-21,7.2.5-200,5042482037,6.052,,0,0
-20,2026-09-21,7.2.5-200,5035122681,6.043,,0,0
-19,2026-09-22,7.2.5-200,5695479418,,,0,28
-18,2026-09-22,7.2.5-200,5161413556,6.195,,0,0
-17,2026-09-24,7.2.5-200,5697767243,6.839,,0,0
-16,2026-09-24,7.2.5-200,5755882900,,,0,174
-15,2026-09-25,7.2.7-200,5692275837,6.832,,0,0
-14,2026-09-25,7.2.7-200,5176915443,6.214,,0,0
-13,2026-09-26,7.2.7-200,5697526025,,,0,118
-12,2026-09-26,7.2.7-200,5170395462,6.206,,0,0
-11,2026-09-26,7.2.7-200,5171636375,6.207,1.0 measure,0,0
-10,2026-09-27,7.2.7-200,5690270706,6.830,1.0 measure,0,0
-9,2026-09-27,7.2.7-200,25,6.207,1.1 sync,0,0
-8,2026-09-27,7.2.7-200,,6.212,1.2 sync,1,0
-7,2026-09-27,7.2.7-200,25,6.199,1.2 sync,0,0
-6,2026-09-27,7.2.7-200,,6.204,1.3 sync,1,0
-5,2026-09-27,7.2.7-200,,6.205,1.3 sync,1,0
-4,2026-09-27,7.2.7-200,,6.208,1.3 sync,1,0
-3,2026-09-27,7.2.7-200,,6.208,1.4 sync,1,0
-2,2026-09-27,7.2.7-200,,6.170,1.5 sync,1,0
-1,2026-09-27,7.2.7-200,,6.217,1.5 sync,1,0
0,2026-09-28,7.2.7-200,,6.837,2.0.0 sync,1,0
