firmware_s,warp_gcycles
6.043,5.035123
6.052,5.042482
6.053,5.042832
6.062,5.050183
6.071,5.057786
6.072,5.058689
6.075,5.061186
6.079,5.064988
6.142,5.116919
6.176,5.145768
6.183,5.151415
6.184,5.151774
6.19,5.156957
6.192,5.158887
6.195,5.160907
6.195,5.161414
6.199,5.164483
6.199,5.164549
6.199,5.164768
6.201,5.166201
6.201,5.166541
6.201,5.166565
6.203,5.168055
6.204,5.169097
6.206,5.170395
6.207,5.171636
6.208,5.171835
6.208,5.172441
6.214,5.176915
6.218,5.180217
6.221,5.182667
6.221,5.183360
6.226,5.187352
6.227,5.188058
6.264,5.218690
6.266,5.220647
6.286,5.237198
6.609,5.506294
6.698,5.580464
6.718,5.597410
6.769,5.639918
6.824,5.685317
6.827,5.688102
6.83,5.690271
6.83,5.690859
6.832,5.692276
6.838,5.697157
6.839,5.697767
6.84,5.698824
6.846,5.703688
6.848,5.705687
6.852,5.709178
6.859,5.714713
6.86,5.715797
6.863,5.718386
6.868,5.722042
6.882,5.734056
7.037,5.862859
7.322,6.100250
7.806,6.503422
